business_id,clinic_name,opening_date,observation_window_start,observation_window_end,weeks_since_opening,metric_id,aggregate_value,unit,source_id,extracted_at,quality_status
SYN-CVC-001,Synthetic North Clinic,2025-01-06,2025-07-07,2025-09-28,38,completed_appointments,840,appointments,SRC-002,2026-07-25,accepted
SYN-CVC-002,"Synthetic West, Clinic",2024-12-02,2025-06-02,2025-08-24,38,completed_appointments,795,appointments,SRC-002,2026-07-25,accepted
SYN-CVC-003,Synthetic South Clinic,2024-11-04,2025-05-05,2025-07-27,38,completed_appointments,812,appointments,SRC-002,2026-07-25,warning
SYN-CVC-001,Synthetic North Clinic,2025-01-06,2025-07-07,2025-09-28,38,unique_customers,610,customers,SRC-002,2026-07-25,accepted
SYN-CVC-002,"Synthetic West, Clinic",2024-12-02,2025-06-02,2025-08-24,38,unique_customers,575,customers,SRC-002,2026-07-25,accepted
SYN-CVC-003,Synthetic South Clinic,2024-11-04,2025-05-05,2025-07-27,38,unique_customers,590,customers,SRC-002,2026-07-25,warning
SYN-CVC-001,Synthetic North Clinic,2025-01-06,2025-07-07,2025-09-28,38,net_sales,252000,USD,SRC-002,2026-07-25,accepted
SYN-CVC-002,"Synthetic West, Clinic",2024-12-02,2025-06-02,2025-08-24,38,net_sales,238500,USD,SRC-002,2026-07-25,accepted
SYN-CVC-003,Synthetic South Clinic,2024-11-04,2025-05-05,2025-07-27,38,net_sales,243600,USD,SRC-002,2026-07-25,warning
